{"errors":[],"warnings":[],"namedChunkGroups":{"app":{"chunks":[6,2],"assets":["webpack-runtime-862230edc22cff799076.js","webpack-runtime-862230edc22cff799076.js.map","app-ee6ca3184e7e82a81d77.js","app-ee6ca3184e7e82a81d77.js.map"],"children":{},"childAssets":{}},"component---src-pages-404-js":{"chunks":[1,0,3],"assets":["1-aea5c8bff7b6311539a9.js","1-aea5c8bff7b6311539a9.js.map","0.92985b485a711207ef94.css","0-5a5bb2611868a9df2649.js","0-5a5bb2611868a9df2649.js.map","component---src-pages-404-js-c02086b6b7d17f8600aa.js","component---src-pages-404-js-c02086b6b7d17f8600aa.js.map"],"children":{},"childAssets":{}},"component---src-pages-index-js":{"chunks":[1,0,4],"assets":["1-aea5c8bff7b6311539a9.js","1-aea5c8bff7b6311539a9.js.map","0.92985b485a711207ef94.css","0-5a5bb2611868a9df2649.js","0-5a5bb2611868a9df2649.js.map","component---src-pages-index-js.fcaee95cb6a3ec3bdb98.css","component---src-pages-index-js-ea4bc5d2496588284131.js","component---src-pages-index-js-ea4bc5d2496588284131.js.map"],"children":{},"childAssets":{}},"pages-manifest":{"chunks":[5],"assets":["pages-manifest-fbba24927e25f35b7075.js","pages-manifest-fbba24927e25f35b7075.js.map"],"children":{},"childAssets":{}}},"assetsByChunkName":{"app":["webpack-runtime-862230edc22cff799076.js","app-ee6ca3184e7e82a81d77.js"],"component---src-pages-404-js":["1-aea5c8bff7b6311539a9.js","0.92985b485a711207ef94.css","0-5a5bb2611868a9df2649.js","component---src-pages-404-js-c02086b6b7d17f8600aa.js"],"component---src-pages-index-js":["1-aea5c8bff7b6311539a9.js","0.92985b485a711207ef94.css","0-5a5bb2611868a9df2649.js","component---src-pages-index-js.fcaee95cb6a3ec3bdb98.css","component---src-pages-index-js-ea4bc5d2496588284131.js"],"pages-manifest":["pages-manifest-fbba24927e25f35b7075.js"]}}