{"errors":[],"warnings":[],"namedChunkGroups":{"app":{"chunks":[6,2],"assets":["webpack-runtime-c41cf8d47a7a1647cc57.js","webpack-runtime-c41cf8d47a7a1647cc57.js.map","app-ee6ca3184e7e82a81d77.js","app-ee6ca3184e7e82a81d77.js.map"],"children":{},"childAssets":{}},"component---src-pages-404-js":{"chunks":[1,0,3],"assets":["1-c7b0c87c083b7d088e27.js","1-c7b0c87c083b7d088e27.js.map","0.92985b485a711207ef94.css","0-bcf32f0a1efa3622a6d1.js","0-bcf32f0a1efa3622a6d1.js.map","component---src-pages-404-js-c02086b6b7d17f8600aa.js","component---src-pages-404-js-c02086b6b7d17f8600aa.js.map"],"children":{},"childAssets":{}},"component---src-pages-index-js":{"chunks":[1,0,4],"assets":["1-c7b0c87c083b7d088e27.js","1-c7b0c87c083b7d088e27.js.map","0.92985b485a711207ef94.css","0-bcf32f0a1efa3622a6d1.js","0-bcf32f0a1efa3622a6d1.js.map","component---src-pages-index-js.fcaee95cb6a3ec3bdb98.css","component---src-pages-index-js-0b828aace11581392350.js","component---src-pages-index-js-0b828aace11581392350.js.map"],"children":{},"childAssets":{}},"pages-manifest":{"chunks":[5],"assets":["pages-manifest-fbba24927e25f35b7075.js","pages-manifest-fbba24927e25f35b7075.js.map"],"children":{},"childAssets":{}}},"assetsByChunkName":{"app":["webpack-runtime-c41cf8d47a7a1647cc57.js","app-ee6ca3184e7e82a81d77.js"],"component---src-pages-404-js":["1-c7b0c87c083b7d088e27.js","0.92985b485a711207ef94.css","0-bcf32f0a1efa3622a6d1.js","component---src-pages-404-js-c02086b6b7d17f8600aa.js"],"component---src-pages-index-js":["1-c7b0c87c083b7d088e27.js","0.92985b485a711207ef94.css","0-bcf32f0a1efa3622a6d1.js","component---src-pages-index-js.fcaee95cb6a3ec3bdb98.css","component---src-pages-index-js-0b828aace11581392350.js"],"pages-manifest":["pages-manifest-fbba24927e25f35b7075.js"]}}